key,instantiation-moment,title,author,message,email,link
notice-01,2010/07/11 21:00,Title,Author,Message,usuario1@acme.com,https://example.com/objective
notice-02,2000/01/01 00:00,Title,Author,Message,usuario1@acme.com,https://example.com/objective
notice-03,2010/01/01 00:00,Title,Author,Message,usuario1@acme.com,https://example.com/objective
notice-04,2000/01/01 01:00,Title,Author,Message,usuario1@acme.com,https://example.com/objective
notice-05,2022/07/29 23:58,Title,Author,Message,usuario1@acme.com,https://example.com/objective
notice-06,2022/07/29 23:58,Title,Author,Message,usuario1@acme.com,https://example.com/objective
notice-07,2010/07/11 21:00,T,Author,Message,usuario1@acme.com,https://example.com/objective
notice-08,2010/07/11 21:00,Te,Author,Message,usuario1@acme.com,https://example.com/objective
notice-09,2010/07/11 21:00,Li Europan lingues es membres del sam.,Author,Message,usuario1@acme.com,https://example.com/objective
notice-10,2010/07/11 21:00,Li Europan lingues es membres del sam familie. Lor separat existentie es,Author,Message,usuario1@acme.com,https://example.com/objective
notice-11,2010/07/11 21:00,Li Europan lingues es membres del sam familie. Lor separat existentie es u.,Author,Message,usuario1@acme.com,https://example.com/objective
notice-12,2010/07/11 21:00,Title,A,Message,usuario1@acme.com,https://example.com/objective
notice-13,2010/07/11 21:00,Title,Au,Message,usuario1@acme.com,https://example.com/objective
notice-14,2010/07/11 21:00,Title,Li Europan lingues es membres del sam.,Message,usuario1@acme.com,https://example.com/objective
notice-15,2010/07/11 21:00,Title,Li Europan lingues es membres del sam familie. Lor separat existentie es,Message,usuario1@acme.com,https://example.com/objective
notice-16,2010/07/11 21:00,Title,Li Europan lingues es membres del sam familie. Lor separat existentie es u.,Message,usuario1@acme.com,https://example.com/objective
notice-17,2010/07/11 21:00,Title,Author,M,usuario1@acme.com,https://example.com/objective
notice-18,2010/07/11 21:00,Title,Author,Me.,usuario1@acme.com,https://example.com/objective
notice-19,2010/07/11 21:00,Title,Author,Li Europan lingues es membres del sam familie. Lor,usuario1@acme.com,https://example.com/objective
notice-20,2010/07/11 21:00,Title,Author,Li Europan lingues es membres del sam familie. Lor separat existentie es un myth. Por scientie mus,usuario1@acme.com,https://example.com/objective
notice-21,2010/07/11 21:00,Title,Author,Li Europan lingues es membres del sam familie. Lor separat existentie es un myth. Por scientie musi,usuario1@acme.com,https://example.com/objective
notice-22,2010/07/11 21:00,Title,Author,Message,,https://example.com/objective
notice-23,2010/07/11 21:00,Title,Author,Message,usuario1@acme.com,