key,reference,identification-date,impact,probability,description,link
risk-01,R-001,2021/07/30 20:00,20.32,56.20,This is a sample description,http://www.example.com
risk-02,R-002,2000/01/01 00:00,20.32,56.20,This is a sample description,http://www.example.com
risk-03,R-003,2000/01/02 00:00,20.32,56.20,This is a sample description,http://www.example.com
risk-04,R-004,2012/07/29 23:59,20.32,56.20,This is a sample description,http://www.example.com
risk-05,R-005,2022/07/29 23:50,20.32,56.20,This is a sample description,http://www.example.com
risk-06,R-006,2022/07/29 23:59,20.32,56.20,This is a sample description,http://www.example.com
risk-07,R-007,2021/07/30 20:00,0.00,56.20,This is a sample description,http://www.example.com
risk-08,R-008,2021/07/30 20:00,0.05,56.20,This is a sample description,http://www.example.com
risk-09,R-009,2021/07/30 20:00,51.21,56.20,This is a sample description,http://www.example.com
risk-10,R-010,2021/07/30 20:00,97.87,56.20,This is a sample description,http://www.example.com
risk-11,R-011,2021/07/30 20:00,99.99,56.20,This is a sample description,http://www.example.com
risk-12,R-012,2021/07/30 20:00,20.32,0.01,This is a sample description,http://www.example.com
risk-13,R-013,2021/07/30 20:00,20.32,1.15,This is a sample description,http://www.example.com
risk-14,R-014,2021/07/30 20:00,20.32,50.00,This is a sample description,http://www.example.com
risk-15,R-015,2021/07/30 20:00,20.32,98.77,This is a sample description,http://www.example.com
risk-16,R-016,2021/07/30 20:00,20.32,100.00,This is a sample description,http://www.example.com
risk-17,R-017,2021/07/30 20:00,20.32,56.20,T,http://www.example.com
risk-18,R-018,2021/07/30 20:00,20.32,56.20,This,http://www.example.com
risk-19,R-019,2021/07/30 20:00,20.32,56.20,Helloпривет你好สวัสดีHola안녕こんにちはHelloприветт你好สวัสดี,http://www.example.com
risk-20,R-020,2021/07/30 20:00,20.32,56.20,sit amet consectetur adipiscing elit ut aliquam purus sit amet luctus venenatis lectus magna fring,http://www.example.com
risk-21,R-021,2021/07/30 20:00,20.32,56.20,sit amet consectetur adipiscing elit ut aliquam purus sit amet luctus venenatis lectus magna fringas,http://www.example.com
risk-22,R-022,2021/07/30 20:00,20.32,56.20,This is a sample description,http://www.a.com
risk-23,R-023,2021/07/30 20:00,20.32,56.20,This is a sample description,http://www.example.es
risk-24,R-024,2021/07/30 20:00,20.32,56.20,This is a sample description,null
