key,title,description,acceptance-criteria,estimated-cost,priority,link,key:project
user-story-01,Customize user profile,Allow users to customize profiles to adapt the experience to their preferences,Profile customization feature implemented; user preferences reflect in  profile settings,3,MUST,null,project-01
user-story-02,a,Allow users to customize profiles to adapt the experience to their preferences,Profile customization feature implemented; user preferences reflect in  profile settings,3,MUST,null,project-01
user-story-03,abc,Allow users to customize profiles to adapt the experience to their preferences,Profile customization feature implemented; user preferences reflect in  profile settings,3,MUST,null,project-01
user-story-04,Lorem ipsum dolor sit amet consectetur,Allow users to customize profiles to adapt the experience to their preferences,Profile customization feature implemented; user preferences reflect in  profile settings,3,MUST,null,project-01
user-story-05,Lorem ipsum dolor sit amet consectetur adipiscing elit etiam vehicula sit,Allow users to customize profiles to adapt the experience to their preferences,Profile customization feature implemented; user preferences reflect in  profile settings,3,MUST,null,project-01
user-story-06,Lorem ipsum dolor sit amet consectetur adipiscing elit vestibulum vulputate,Allow users to customize profiles to adapt the experience to their preferences,Profile customization feature implemented; user preferences reflect in  profile settings,3,MUST,null,project-01
user-story-07,Customize user profile,a,Profile customization feature implemented; user preferences reflect in  profile settings,3,MUST,null,project-01
user-story-08,Customize user profile,abc,Profile customization feature implemented; user preferences reflect in  profile settings,3,MUST,null,project-01
user-story-09,Customize user profile,Helloпривет你好สวัสดีHola안녕こんにちはHelloприветт你好สวัสดี,Profile customization feature implemented; user preferences reflect in  profile settings,3,MUST,null,project-01
user-story-10,Customize user profile,sit amet consectetur adipiscing elit ut aliquam purus sit amet luctus venenatis lectus magna fring,Profile customization feature implemented; user preferences reflect in  profile settings,3,MUST,null,project-01
user-story-11,Customize user profile,sit amet consectetur adipiscing elit ut aliquam purus sit amet luctus venenatis lectus magna fringas,Profile customization feature implemented; user preferences reflect in  profile settings,3,MUST,null,project-01
user-story-12,Customize user profile,Allow users to customize profiles to adapt the experience to their preferences,a,3,MUST,null,project-01
user-story-13,Customize user profile,Allow users to customize profiles to adapt the experience to their preferences,abc,3,MUST,null,project-01
user-story-14,Customize user profile,Allow users to customize profiles to adapt the experience to their preferences,Helloпривет你好สวัสดีHola안녕こんにちはHelloприветт你好สวัสดี,3,MUST,null,project-01
user-story-15,Customize user profile,Allow users to customize profiles to adapt the experience to their preferences,sit amet consectetur adipiscing elit ut aliquam purus sit amet luctus venenatis lectus magna fring,3,MUST,null,project-01
user-story-16,Customize user profile,Allow users to customize profiles to adapt the experience to their preferences,sit amet consectetur adipiscing elit ut aliquam purus sit amet luctus venenatis lectus magna fringas,3,MUST,null,project-01
user-story-17,Customize user profile,Allow users to customize profiles to adapt the experience to their preferences,Profile customization feature implemented; user preferences reflect in  profile settings,1,MUST,null,project-01
user-story-18,Customize user profile,Allow users to customize profiles to adapt the experience to their preferences,Profile customization feature implemented; user preferences reflect in  profile settings,2,MUST,null,project-01
user-story-19,Customize user profile,Allow users to customize profiles to adapt the experience to their preferences,Profile customization feature implemented; user preferences reflect in  profile settings,5000,MUST,null,project-01
user-story-20,Customize user profile,Allow users to customize profiles to adapt the experience to their preferences,Profile customization feature implemented; user preferences reflect in  profile settings,2147483640,MUST,null,project-01
user-story-21,Customize user profile,Allow users to customize profiles to adapt the experience to their preferences,Profile customization feature implemented; user preferences reflect in  profile settings,2147483647,MUST,null,project-01
user-story-22,Customize user profile,Allow users to customize profiles to adapt the experience to their preferences,Profile customization feature implemented; user preferences reflect in  profile settings,3,SHOULD,null,project-01
user-story-23,Customize user profile,Allow users to customize profiles to adapt the experience to their preferences,Profile customization feature implemented; user preferences reflect in  profile settings,3,COULD,null,project-01
user-story-24,Customize user profile,Allow users to customize profiles to adapt the experience to their preferences,Profile customization feature implemented; user preferences reflect in  profile settings,3,WONT,null,project-01
user-story-25,Customize user profile,Allow users to customize profiles to adapt the experience to their preferences,Profile customization feature implemented; user preferences reflect in  profile settings,3,MUST,https://www.a.com,project-01
user-story-26,Customize user profile,Allow users to customize profiles to adapt the experience to their preferences,Profile customization feature implemented; user preferences reflect in  profile settings,3,MUST,http://www.example.es,project-01
user-story-27,Customize user profile,Allow users to customize profiles to adapt the experience to their preferences,Profile customization feature implemented; user preferences reflect in  profile settings,3,MUST,null,project-02
user-story-28,Customize user profile,Allow users to customize profiles to adapt the experience to their preferences,Profile customization feature implemented; user preferences reflect in  profile settings,3,MUST,null,project-10
user-story-29,Customize user profile,Allow users to customize profiles to adapt the experience to their preferences,Profile customization feature implemented; user preferences reflect in  profile settings,3,MUST,null,project-19
user-story-30,Customize user profile,Allow users to customize profiles to adapt the experience to their preferences,Profile customization feature implemented; user preferences reflect in  profile settings,3,MUST,null,project-20
